{
    "batchcomplete": "",
    "continue": {
        "sroffset": 500,
        "continue": "-||"
    },
    "query": {
        "searchinfo": {
            "totalhits": 14886
        },
        "search": [
            {
                "ns": 0,
                "title": "Bridgerton",
                "pageid": 62811365,
                "size": 97108,
                "wordcount": 5624,
                "snippet": "Bridgerton is an American streaming television period drama series created by Chris Van Dusen and produced by Shonda Rhimes. It is based on Julia Quinn's",
                "timestamp": "2022-04-07T03:44:23Z"
            },
            {
                "ns": 0,
                "title": "Moon Knight (TV series)",
                "pageid": 61593083,
                "size": 99352,
                "wordcount": 7570,
                "snippet": "Moon Knight is an American television miniseries created by Jeremy Slater for the streaming service Disney+, based on the Marvel Comics featuring the character",
                "timestamp": "2022-04-07T07:57:50Z"
            },
            {
                "ns": 0,
                "title": "Stranger Things",
                "pageid": 46301800,
                "size": 176396,
                "wordcount": 14063,
                "snippet": "Stranger Things is an American science fiction horror drama television series created by the Duffer Brothers and streaming on Netflix. The brothers serve",
                "timestamp": "2022-04-06T19:14:28Z"
            },
            {
                "ns": 0,
                "title": "Better Call Saul",
                "pageid": 32262767,
                "size": 130116,
                "wordcount": 11179,
                "snippet": "Better Call Saul is an American crime drama television series created by Vince Gilligan and Peter Gould. It is a spin-off, prequel, and a sequel to Gilligan's",
                "timestamp": "2022-04-07T01:25:07Z"
            },
            {
                "ns": 0,
                "title": "Euphoria (American TV series)",
                "pageid": 58031267,
                "size": 151529,
                "wordcount": 7503,
                "snippet": "Euphoria is an American teen drama television series created and written by Sam Levinson for HBO and based on the Israeli miniseries of the same name created",
                "timestamp": "2022-04-07T04:38:00Z"
            },
            {
                "ns": 0,
                "title": "Ozark (TV series)",
                "pageid": 49545674,
                "size": 137955,
                "wordcount": 5004,
                "snippet": "Ozark is an American crime drama streaming television series created by Bill Dubuque and Mark Williams for Netflix and produced by MRC Television and Aggregate",
                "timestamp": "2022-04-04T13:49:14Z"
            },
            {
                "ns": 0,
                "title": "Sex Education (TV series)",
                "pageid": 57442012,
                "size": 75333,
                "wordcount": 3548,
                "snippet": "Sex Education is a British comedy-drama streaming television series created by Laurie Nunn for Netflix. The series follows the lives of the students, staff",
                "timestamp": "2022-04-05T23:47:53Z"
            },
            {
                "ns": 0,
                "title": "Succession (TV series)",
                "pageid": 53135514,
                "size": 169063,
                "wordcount": 7696,
                "snippet": "Succession is an American satirical black comedy-drama television series created by Jesse Armstrong. It premiered on June 3, 2018, on HBO. The series centers",
                "timestamp": "2022-04-03T22:41:05Z"
            },
            {
                "ns": 0,
                "title": "The Marvelous Mrs. Maisel",
                "pageid": 53743975,
                "size": 148160,
                "wordcount": 6753,
                "snippet": "The Marvelous Mrs. Maisel is an American period comedy-drama television series, created by Amy Sherman-Palladino, that premiered on March 17, 2017, on",
                "timestamp": "2022-04-05T20:10:26Z"
            },
            {
                "ns": 0,
                "title": "The Mandalorian",
                "pageid": 58049692,
                "size": 118861,
                "wordcount": 9969,
                "snippet": "The Mandalorian is an American space Western television series created by Jon Favreau for the streaming service Disney+. It is the first live-action series",
                "timestamp": "2022-04-03T14:10:13Z"
            },
            {
                "ns": 0,
                "title": "The Umbrella Academy (TV series)",
                "pageid": 55762562,
                "size": 145651,
                "wordcount": 8157,
                "snippet": "The Umbrella Academy is an American superhero streaming television series based on the comic book series of the same name written by Gerard Way and illustrated",
                "timestamp": "2022-04-04T15:41:02Z"
            },
            {
                "ns": 0,
                "title": "Star Trek: Picard",
                "pageid": 58070936,
                "size": 110604,
                "wordcount": 8413,
                "snippet": "Star Trek: Picard is an American television series created by Akiva Goldsman, Michael Chabon, Kirsten Beyer, and Alex Kurtzman for the streaming service",
                "timestamp": "2022-04-06T21:54:20Z"
            },
            {
                "ns": 0,
                "title": "The Boys (TV series)",
                "pageid": 55751230,
                "size": 127431,
                "wordcount": 8709,
                "snippet": "The Boys is an American black comedy superhero television series developed by Eric Kripke for Amazon Prime Video. Based on the comic book of the same name",
                "timestamp": "2022-04-07T02:53:34Z"
            },
            {
                "ns": 0,
                "title": "RuPaul's Drag Race (season 14)",
                "pageid": 66060918,
                "size": 47947,
                "wordcount": 1477,
                "snippet": "The fourteenth season of RuPaul's Drag Race premiered on January 7, 2022. Casting calls for season 14 were opened in November 2020. The cast was officially",
                "timestamp": "2022-04-06T18:15:58Z"
            },
            {
                "ns": 0,
                "title": "Squid Game",
                "pageid": 68455171,
                "size": 200778,
                "wordcount": 16448,
                "snippet": "Squid Game (Korean: 오징어 게임; RR: Ojing-eo Geim) is a South Korean survival drama television series created by Hwang Dong-hyuk for Netflix. Its cast includes",
                "timestamp": "2022-04-07T06:42:45Z"
            },
            {
                "ns": 0,
                "title": "Daredevil (TV series)",
                "pageid": 42433292,
                "size": 142933,
                "wordcount": 11306,
                "snippet": "Marvel's Daredevil is an American television series created by Drew Goddard for the streaming service Netflix, based on the Marvel Comics character Daredevil",
                "timestamp": "2022-03-30T17:37:42Z"
            },
            {
                "ns": 0,
                "title": "Power Rangers",
                "pageid": 173486,
                "size": 88646,
                "wordcount": 5659,
                "snippet": "Power Rangers is an American entertainment and merchandising franchise built around a live-action superhero television series, based on the Japanese tokusatsu",
                "timestamp": "2022-04-03T12:33:58Z"
            },
            {
                "ns": 0,
                "title": "The Witcher (TV series)",
                "pageid": 21761101,
                "size": 124463,
                "wordcount": 8421,
                "snippet": "The Witcher is a Polish-American fantasy drama television series created by Lauren Schmidt Hissrich, based on the book series of the same name by Polish",
                "timestamp": "2022-04-05T00:54:11Z"
            },
            {
                "ns": 0,
                "title": "The Wheel of Time",
                "pageid": 42571,
                "size": 70811,
                "wordcount": 6921,
                "snippet": "The Wheel of Time is a series of high fantasy novels by American author Robert Jordan, with Brandon Sanderson as a co-author for the final three novels",
                "timestamp": "2022-04-07T00:00:27Z"
            },
            {
                "ns": 0,
                "title": "WandaVision",
                "pageid": 59082207,
                "size": 279932,
                "wordcount": 22550,
                "snippet": "WandaVision is an American television miniseries created by Jac Schaeffer for the streaming service Disney+, based on Marvel Comics featuring the characters",
                "timestamp": "2022-04-06T19:51:18Z"
            },
            {
                "ns": 0,
                "title": "What If...? (TV series)",
                "pageid": 60476189,
                "size": 130494,
                "wordcount": 8941,
                "snippet": "What If...? is an American animated anthology series created by A. C. Bradley for the streaming service Disney+, based on the Marvel Comics series of the",
                "timestamp": "2022-04-06T20:00:08Z"
            },
            {
                "ns": 0,
                "title": "List of South Park episodes",
                "pageid": 224267,
                "size": 39348,
                "wordcount": 7471,
                "snippet": "South Park is an American animated television sitcom created by Trey Parker and Matt Stone for Comedy Central. The series came from a pair of animated",
                "timestamp": "2022-03-17T14:06:04Z"
            },
            {
                "ns": 0,
                "title": "Ted Lasso",
                "pageid": 64114692,
                "size": 97986,
                "wordcount": 4996,
                "snippet": "Ted Lasso is an American sports comedy-drama streaming television series developed by Jason Sudeikis, Bill Lawrence, Brendan Hunt, and Joe Kelly. It is",
                "timestamp": "2022-04-07T00:44:37Z"
            },
            {
                "ns": 0,
                "title": "Arcane (TV series)",
                "pageid": 63376140,
                "size": 38849,
                "wordcount": 1850,
                "snippet": "Arcane (titled onscreen as Arcane: League of Legends) is an animated action-adventure series created by Christian Linke and Alex Yee for Netflix. Produced",
                "timestamp": "2022-04-05T15:47:38Z"
            },
            {
                "ns": 0,
                "title": "Martina Navratilova",
                "pageid": 198092,
                "size": 118903,
                "wordcount": 7998,
                "snippet": "Martina Navratilova (Czech: Martina Navrátilová [ˈmarcɪna ˈnavraːcɪlovaː] (listen); née Šubertová [ˈʃubɛrtovaː]; born October 18, 1956) is a Czechoslovakian",
                "timestamp": "2022-04-03T01:07:54Z"
            },
            {
                "ns": 0,
                "title": "Winning Time: The Rise of the Lakers Dynasty",
                "pageid": 67141612,
                "size": 34944,
                "wordcount": 2295,
                "snippet": "Winning Time: The Rise of the Lakers Dynasty is an American sports drama television series created by Max Borenstein and Jim Hecht for HBO, based on the",
                "timestamp": "2022-04-05T14:17:32Z"
            },
            {
                "ns": 0,
                "title": "The Walking Dead (season 11)",
                "pageid": 65283737,
                "size": 61921,
                "wordcount": 3190,
                "snippet": "The eleventh and final season of The Walking Dead, an American post-apocalyptic horror television series on AMC, premiered on August 22, 2021, and will",
                "timestamp": "2022-04-06T21:04:13Z"
            },
            {
                "ns": 0,
                "title": "Pieces of Her (TV series)",
                "pageid": 59875305,
                "size": 20509,
                "wordcount": 1099,
                "snippet": "Pieces of Her is an American thriller drama streaming television series created by Charlotte Stoudt, based on the 2018 novel of the same name by Karin",
                "timestamp": "2022-04-01T16:50:53Z"
            },
            {
                "ns": 0,
                "title": "Westworld (TV series)",
                "pageid": 43369485,
                "size": 183169,
                "wordcount": 12715,
                "snippet": "Westworld is an American dystopian science fiction neo-Western television series created by Jonathan Nolan and Lisa Joy. Produced and aired by HBO, it",
                "timestamp": "2022-04-02T03:29:02Z"
            },
            {
                "ns": 0,
                "title": "Superman & Lois",
                "pageid": 62186320,
                "size": 104608,
                "wordcount": 5316,
                "snippet": "Superman &amp; Lois is an American superhero drama television series developed for The CW by Todd Helbing and Greg Berlanti, based on the DC Comics characters",
                "timestamp": "2022-04-07T01:32:25Z"
            },
            {
                "ns": 0,
                "title": "All of Us Are Dead",
                "pageid": 64308826,
                "size": 52172,
                "wordcount": 3129,
                "snippet": "All of Us Are Dead (Korean: 지금 우리 학교는; RR: Jigeum Uri Hakgyoneun; lit. Now at Our School) is a South Korean coming-of-age zombie apocalypse horror streaming",
                "timestamp": "2022-04-06T08:02:14Z"
            },
            {
                "ns": 0,
                "title": "List of The Walking Dead episodes",
                "pageid": 28074027,
                "size": 20551,
                "wordcount": 6730,
                "snippet": "The Walking Dead is an American post-apocalyptic television series based on the comic book of the same name by Robert Kirkman, Tony Moore and Charlie Adlard",
                "timestamp": "2022-04-05T14:15:59Z"
            },
            {
                "ns": 0,
                "title": "The Book of Boba Fett",
                "pageid": 65896612,
                "size": 82353,
                "wordcount": 5251,
                "snippet": "The Book of Boba Fett is an American space Western television series created by Jon Favreau for the streaming service Disney+. It is part of the Star Wars",
                "timestamp": "2022-04-03T14:10:55Z"
            },
            {
                "ns": 0,
                "title": "Human Resources (TV series)",
                "pageid": 69126604,
                "size": 20479,
                "wordcount": 1509,
                "snippet": "Human Resources is an American adult animated sitcom that serves as a spin-off and subseries to Big Mouth, centering around the workplace of the Hormone",
                "timestamp": "2022-04-06T20:11:38Z"
            },
            {
                "ns": 0,
                "title": "Band of Brothers (miniseries)",
                "pageid": 161779,
                "size": 69703,
                "wordcount": 5242,
                "snippet": "Band of Brothers is a 2001 American war drama miniseries based on historian Stephen E. Ambrose's 1992 non-fiction book of the same name. It was created",
                "timestamp": "2022-03-25T20:55:47Z"
            },
            {
                "ns": 0,
                "title": "Chernobyl (miniseries)",
                "pageid": 55876266,
                "size": 104947,
                "wordcount": 6123,
                "snippet": "Chernobyl is a 2019 historical drama television miniseries that revolves around the Chernobyl disaster of 1986 and the cleanup efforts that followed. The",
                "timestamp": "2022-04-06T21:03:05Z"
            },
            {
                "ns": 0,
                "title": "The Gilded Age (TV series)",
                "pageid": 56463386,
                "size": 43568,
                "wordcount": 2573,
                "snippet": "The Gilded Age is an American historical drama television series created and written by Julian Fellowes for HBO that is set in the United States during",
                "timestamp": "2022-03-30T07:40:07Z"
            },
            {
                "ns": 0,
                "title": "Peacemaker (TV series)",
                "pageid": 65399859,
                "size": 120316,
                "wordcount": 9432,
                "snippet": "Peacemaker is an American superhero television series created by James Gunn for the streaming service HBO Max, based on the DC Comics character Peacemaker",
                "timestamp": "2022-04-02T17:34:23Z"
            },
            {
                "ns": 0,
                "title": "Hawkeye (2021 TV series)",
                "pageid": 60463374,
                "size": 108476,
                "wordcount": 7150,
                "snippet": "Hawkeye is an American television miniseries created by Jonathan Igla for the streaming service Disney+, based on Marvel Comics featuring the characters",
                "timestamp": "2022-04-07T03:54:34Z"
            },
            {
                "ns": 0,
                "title": "List of Doctor Who episodes (2005–present)",
                "pageid": 296266,
                "size": 44107,
                "wordcount": 1985,
                "snippet": "Doctor Who is a British science fiction television programme produced by the BBC. As of 1 January 2022,[update] 869 episodes of Doctor Who have aired,",
                "timestamp": "2022-03-28T23:57:32Z"
            },
            {
                "ns": 0,
                "title": "The Dropout",
                "pageid": 60489638,
                "size": 20702,
                "wordcount": 1183,
                "snippet": "The Dropout is an American drama miniseries created by Elizabeth Meriwether, based on the podcast The Dropout hosted by Rebecca Jarvis and produced by",
                "timestamp": "2022-04-07T04:33:05Z"
            },
            {
                "ns": 0,
                "title": "Loki (TV series)",
                "pageid": 59082044,
                "size": 207231,
                "wordcount": 16074,
                "snippet": "Loki is an American television series created by Michael Waldron for the streaming service Disney+, based on Marvel Comics featuring the character of the",
                "timestamp": "2022-04-06T20:00:31Z"
            },
            {
                "ns": 0,
                "title": "List of Naruto episodes",
                "pageid": 2137845,
                "size": 35213,
                "wordcount": 1745,
                "snippet": "Naruto is an anime series based on Masashi Kishimoto's manga series of the same name. The series centers on the adventures of Naruto Uzumaki, a young ninja",
                "timestamp": "2022-04-06T22:21:06Z"
            },
            {
                "ns": 0,
                "title": "Jessica Jones (TV series)",
                "pageid": 41865524,
                "size": 114854,
                "wordcount": 8837,
                "snippet": "Marvel's Jessica Jones is an American television series created by Melissa Rosenberg for the streaming service Netflix, based on the Marvel Comics character",
                "timestamp": "2022-04-06T03:22:56Z"
            },
            {
                "ns": 0,
                "title": "Firefly (TV series)",
                "pageid": 158088,
                "size": 129575,
                "wordcount": 12700,
                "snippet": "Firefly is an American space Western drama television series, created by writer and director Joss Whedon, under his Mutant Enemy Productions label. Whedon",
                "timestamp": "2022-04-01T19:44:41Z"
            },
            {
                "ns": 0,
                "title": "Vikings: Valhalla",
                "pageid": 65539844,
                "size": 31101,
                "wordcount": 1505,
                "snippet": "Vikings: Valhalla is a historical drama streaming television series created by Jeb Stuart for Netflix. It is a sequel to the History's Vikings, filmed",
                "timestamp": "2022-04-06T10:56:51Z"
            },
            {
                "ns": 0,
                "title": "List of Family Guy episodes",
                "pageid": 966943,
                "size": 63878,
                "wordcount": 14093,
                "snippet": "Family Guy is an American animated television sitcom created by Seth MacFarlane for the Fox Broadcasting Company. The series centers on the dysfunctional",
                "timestamp": "2022-04-07T07:39:10Z"
            },
            {
                "ns": 0,
                "title": "The Queen's Gambit (miniseries)",
                "pageid": 61327392,
                "size": 95339,
                "wordcount": 5965,
                "snippet": "The Queen's Gambit is a 2020 American coming-of-age period drama streaming television miniseries based on the 1983 novel of the same name by Walter Tevis",
                "timestamp": "2022-04-03T21:48:43Z"
            },
            {
                "ns": 0,
                "title": "13 Reasons Why",
                "pageid": 25247887,
                "size": 141711,
                "wordcount": 12294,
                "snippet": "13 Reasons Why is an American teen drama television series developed for Netflix by Brian Yorkey and based on the 2007 novel Thirteen Reasons Why by author",
                "timestamp": "2022-04-06T19:05:31Z"
            },
            {
                "ns": 0,
                "title": "The Falcon and the Winter Soldier",
                "pageid": 59082256,
                "size": 191188,
                "wordcount": 14266,
                "snippet": "The Falcon and the Winter Soldier is an American television miniseries created by Malcolm Spellman for the streaming service Disney+, based on Marvel Comics",
                "timestamp": "2022-04-06T20:00:39Z"
            },
            {
                "ns": 0,
                "title": "Taarak Mehta Ka Ooltah Chashmah",
                "pageid": 23045350,
                "size": 125025,
                "wordcount": 5187,
                "snippet": "Taarak Mehta Ka Ooltah Chashmah (TMKOC; transl. Taarak Mehta's inverted spectacles) is a Hindi sitcom based on the weekly column &quot;Duniya Ne Undha Chasma&quot;",
                "timestamp": "2022-04-06T12:10:29Z"
            },
            {
                "ns": 0,
                "title": "The Man in the High Castle (TV series)",
                "pageid": 45111069,
                "size": 119671,
                "wordcount": 4973,
                "snippet": "The Man in the High Castle is an American dystopian alternate history television series created for streaming service Amazon Prime Video, depicting a parallel",
                "timestamp": "2022-04-02T00:02:59Z"
            },
            {
                "ns": 0,
                "title": "Inventing Anna",
                "pageid": 62423994,
                "size": 21463,
                "wordcount": 990,
                "snippet": "Inventing Anna is an American drama streaming television miniseries created and produced by Shonda Rhimes, inspired by the story of Anna Sorokin and the",
                "timestamp": "2022-04-05T01:11:58Z"
            },
            {
                "ns": 0,
                "title": "Star Trek: Strange New Worlds",
                "pageid": 63398044,
                "size": 73786,
                "wordcount": 5784,
                "snippet": "Star Trek: Strange New Worlds is an upcoming American television series created by Akiva Goldsman, Alex Kurtzman, and Jenny Lumet for the streaming service",
                "timestamp": "2022-04-04T01:27:18Z"
            },
            {
                "ns": 0,
                "title": "Titans (2018 TV series)",
                "pageid": 53879823,
                "size": 96691,
                "wordcount": 7456,
                "snippet": "Titans is an American superhero television series created by Akiva Goldsman, Geoff Johns, and Greg Berlanti. Based on the DC Comics team Teen Titans, the",
                "timestamp": "2022-04-03T16:53:22Z"
            },
            {
                "ns": 0,
                "title": "Big Little Lies (TV series)",
                "pageid": 46649377,
                "size": 113648,
                "wordcount": 5505,
                "snippet": "Big Little Lies is an American drama television series based on the 2014 novel of the same name by Liane Moriarty. Created and written by David E. Kelley",
                "timestamp": "2022-03-25T21:33:53Z"
            },
            {
                "ns": 0,
                "title": "Obi-Wan Kenobi (TV series)",
                "pageid": 61595614,
                "size": 54338,
                "wordcount": 4326,
                "snippet": "Obi-Wan Kenobi is an upcoming American television miniseries created for the streaming service Disney+, featuring the Star Wars character of the same name",
                "timestamp": "2022-04-05T19:36:10Z"
            },
            {
                "ns": 0,
                "title": "The Defenders (miniseries)",
                "pageid": 45083058,
                "size": 151968,
                "wordcount": 12086,
                "snippet": "Marvel's The Defenders is an American television miniseries created by Douglas Petrie and Marco Ramirez for the streaming service Netflix, based on the",
                "timestamp": "2022-04-05T23:06:48Z"
            },
            {
                "ns": 0,
                "title": "Mighty Morphin Power Rangers",
                "pageid": 173488,
                "size": 178559,
                "wordcount": 7124,
                "snippet": "Mighty Morphin Power Rangers is an American superhero television series that premiered on August 28, 1993, on the Fox Kids programming block. It is the",
                "timestamp": "2022-04-06T14:52:27Z"
            },
            {
                "ns": 0,
                "title": "Harley Quinn (TV series)",
                "pageid": 56699241,
                "size": 98002,
                "wordcount": 5414,
                "snippet": "Harley Quinn is an American adult animated superhero television series based on the DC Comics character of the same name created by Paul Dini and Bruce",
                "timestamp": "2022-03-27T12:01:32Z"
            },
            {
                "ns": 0,
                "title": "Will & Grace",
                "pageid": 294315,
                "size": 80723,
                "wordcount": 6627,
                "snippet": "Will &amp; Grace is an American television sitcom created by Max Mutchnick and David Kohan. Set in New York City, the show focuses on the friendship between",
                "timestamp": "2022-04-03T19:25:46Z"
            },
            {
                "ns": 0,
                "title": "After Life (TV series)",
                "pageid": 57376607,
                "size": 38580,
                "wordcount": 2145,
                "snippet": "After Life is a British black comedy-drama streaming television series created, written, produced, and directed by Ricky Gervais, who plays lead character",
                "timestamp": "2022-04-06T03:22:11Z"
            },
            {
                "ns": 0,
                "title": "The Orville",
                "pageid": 51358237,
                "size": 68624,
                "wordcount": 7301,
                "snippet": "The Orville is an American science fiction comedy-drama television series created by and starring Seth MacFarlane as series protagonist Ed Mercer, an officer",
                "timestamp": "2022-04-05T14:36:00Z"
            },
            {
                "ns": 0,
                "title": "Locke & Key (TV series)",
                "pageid": 57997702,
                "size": 74510,
                "wordcount": 3833,
                "snippet": "Locke &amp; Key is an American fantasy horror drama television series developed by Carlton Cuse, Meredith Averill, and Aron Eli Coleite, based on the comic-book",
                "timestamp": "2022-04-07T03:05:37Z"
            },
            {
                "ns": 0,
                "title": "The Brady Bunch",
                "pageid": 39732,
                "size": 72390,
                "wordcount": 6723,
                "snippet": "The Brady Bunch is an American sitcom created by Sherwood Schwartz that aired from September 26, 1969, to March 8, 1974, on ABC. The series revolves around",
                "timestamp": "2022-04-03T17:00:42Z"
            },
            {
                "ns": 0,
                "title": "Komi Can't Communicate",
                "pageid": 58580691,
                "size": 87792,
                "wordcount": 4661,
                "snippet": "Komi Can't Communicate (Japanese: 古見さんは、コミュ症です。, Hepburn: Komi-san wa, Komyushō Desu., &quot;Komi Has a Communication Disorder&quot;) is a Japanese manga series",
                "timestamp": "2022-04-07T06:38:08Z"
            },
            {
                "ns": 0,
                "title": "Space Force (TV series)",
                "pageid": 61892962,
                "size": 49493,
                "wordcount": 2473,
                "snippet": "Space Force is an American workplace comedy streaming television series created by Greg Daniels and Steve Carell for Netflix. It centers on a group of",
                "timestamp": "2022-04-03T14:15:37Z"
            },
            {
                "ns": 0,
                "title": "The Owl House",
                "pageid": 56669815,
                "size": 151722,
                "wordcount": 7762,
                "snippet": "The Owl House is an American animated fantasy television series created by Dana Terrace that premiered on Disney Channel on January 10, 2020. The series",
                "timestamp": "2022-04-07T00:30:05Z"
            },
            {
                "ns": 0,
                "title": "South Park (season 25)",
                "pageid": 69788952,
                "size": 9012,
                "wordcount": 454,
                "snippet": "The twenty-fifth season of the American animated sitcom series South Park premiered on Comedy Central on February 2, 2022. and ended on March 16, 2022",
                "timestamp": "2022-03-30T14:00:29Z"
            },
            {
                "ns": 0,
                "title": "My Brilliant Friend (TV series)",
                "pageid": 54490749,
                "size": 59985,
                "wordcount": 3698,
                "snippet": "My Brilliant Friend (Italian: L'amica geniale) is an Italian- and Neapolitan-language coming-of-age drama television series created by Saverio Costanzo",
                "timestamp": "2022-04-05T22:11:37Z"
            },
            {
                "ns": 0,
                "title": "Is It Cake?",
                "pageid": 70390084,
                "size": 9189,
                "wordcount": 551,
                "snippet": "Is It Cake? is a 2022 game show style cooking competition television series created by Dan Cutforth and Jane Lipsitz, and hosted by Mikey Day. The series",
                "timestamp": "2022-04-07T05:16:44Z"
            },
            {
                "ns": 0,
                "title": "Ms. Marvel (TV series)",
                "pageid": 61592102,
                "size": 52078,
                "wordcount": 3486,
                "snippet": "Ms. Marvel is an upcoming American television miniseries created by Bisha K. Ali for the streaming service Disney+, based on the Marvel Comics character",
                "timestamp": "2022-04-07T09:28:14Z"
            },
            {
                "ns": 0,
                "title": "Mindhunter (TV series)",
                "pageid": 49681637,
                "size": 66361,
                "wordcount": 3347,
                "snippet": "Mindhunter is an American psychological crime thriller television series created by Joe Penhall, based on the 1995 true-crime book Mindhunter: Inside the",
                "timestamp": "2022-03-27T03:31:01Z"
            },
            {
                "ns": 0,
                "title": "You (TV series)",
                "pageid": 54671372,
                "size": 136040,
                "wordcount": 12197,
                "snippet": "You is an American psychological thriller television series based on the books by Caroline Kepnes, developed by Greg Berlanti and Sera Gamble, and produced",
                "timestamp": "2022-04-02T14:45:54Z"
            },
            {
                "ns": 0,
                "title": "Castlevania (TV series)",
                "pageid": 54186489,
                "size": 84745,
                "wordcount": 4242,
                "snippet": "Castlevania is an American adult animated dark fantasy action streaming television series made for the streaming service Netflix and is produced by Frederator",
                "timestamp": "2022-04-07T09:16:25Z"
            },
            {
                "ns": 0,
                "title": "Fleabag",
                "pageid": 31656377,
                "size": 58268,
                "wordcount": 2590,
                "snippet": "Fleabag is a British comedy-drama television series created and written by Phoebe Waller-Bridge, based on her one-woman show first performed in 2013. It",
                "timestamp": "2022-03-19T05:45:18Z"
            },
            {
                "ns": 0,
                "title": "The Punisher (TV series)",
                "pageid": 49164143,
                "size": 65481,
                "wordcount": 5255,
                "snippet": "Marvel's The Punisher is an American television series created by Steve Lightfoot for the streaming service Netflix, based on the Marvel Comics character",
                "timestamp": "2022-04-03T20:57:45Z"
            },
            {
                "ns": 0,
                "title": "Dark (TV series)",
                "pageid": 52086235,
                "size": 90691,
                "wordcount": 2568,
                "snippet": "Dark is a German science fiction thriller streaming television series co-created by Baran bo Odar and Jantje Friese. It ran for three seasons from 2017",
                "timestamp": "2022-04-01T20:16:21Z"
            },
            {
                "ns": 0,
                "title": "Batwoman (TV series)",
                "pageid": 57924026,
                "size": 67568,
                "wordcount": 6975,
                "snippet": "Batwoman is an American superhero television series developed by Caroline Dries for The CW. Based on the DC Comics character of the same name, it is part",
                "timestamp": "2022-04-03T17:44:04Z"
            },
            {
                "ns": 0,
                "title": "Iron Fist (TV series)",
                "pageid": 45079755,
                "size": 75502,
                "wordcount": 5962,
                "snippet": "Marvel's Iron Fist is an American television series created by Scott Buck for the streaming service Netflix, based on the Marvel Comics character Iron",
                "timestamp": "2022-03-27T15:35:01Z"
            },
            {
                "ns": 0,
                "title": "List of The Flash episodes",
                "pageid": 42718506,
                "size": 19006,
                "wordcount": 6281,
                "snippet": "The Flash is an American action television series developed by Greg Berlanti, Andrew Kreisberg, and Geoff Johns, airing on The CW. It is based on the DC",
                "timestamp": "2022-04-07T00:00:18Z"
            },
            {
                "ns": 0,
                "title": "List of Game of Thrones episodes",
                "pageid": 31120069,
                "size": 38928,
                "wordcount": 5839,
                "snippet": "Game of Thrones is an American fantasy drama television series created by David Benioff and D. B. Weiss. The series is based on George R. R. Martin's series",
                "timestamp": "2022-04-04T21:49:19Z"
            },
            {
                "ns": 0,
                "title": "Halo (TV series)",
                "pageid": 63865420,
                "size": 24455,
                "wordcount": 1990,
                "snippet": "Halo is an American military science fiction television series developed by Kyle Killen and Steven Kane for the streaming service Paramount+, loosely based",
                "timestamp": "2022-04-07T07:26:07Z"
            },
            {
                "ns": 0,
                "title": "Mare of Easttown",
                "pageid": 59757221,
                "size": 78445,
                "wordcount": 4242,
                "snippet": "Mare of Easttown is an American crime drama limited series created by Brad Ingelsby for HBO. Directed by Craig Zobel and written by Ingelsby, the series",
                "timestamp": "2022-04-03T04:39:35Z"
            },
            {
                "ns": 0,
                "title": "Severance (TV series)",
                "pageid": 65745435,
                "size": 30017,
                "wordcount": 1452,
                "snippet": "Severance is an American science fiction psychological thriller streaming television series created by Dan Erickson and directed by Ben Stiller and Aoife",
                "timestamp": "2022-04-07T06:55:28Z"
            },
            {
                "ns": 0,
                "title": "Crisis on Infinite Earths (Arrowverse)",
                "pageid": 59354908,
                "size": 213404,
                "wordcount": 16783,
                "snippet": "&quot;Crisis on Infinite Earths&quot; is the sixth annual Arrowverse crossover event and features episodes of the television series Supergirl, Batwoman, The Flash",
                "timestamp": "2022-03-24T08:23:32Z"
            },
            {
                "ns": 0,
                "title": "The Lord of the Rings: The Rings of Power",
                "pageid": 61677624,
                "size": 111891,
                "wordcount": 9780,
                "snippet": "The Lord of the Rings: The Rings of Power is an upcoming American fantasy television series based on stories by J. R. R. Tolkien. Developed by J. D. Payne",
                "timestamp": "2022-03-20T17:04:55Z"
            },
            {
                "ns": 0,
                "title": "Elite (TV series)",
                "pageid": 58704503,
                "size": 72718,
                "wordcount": 7225,
                "snippet": "Elite (Spanish: Élite; stylized as E L I T Ǝ) is a Spanish thriller teen drama television series created for Netflix by Carlos Montero and Darío Madrona",
                "timestamp": "2022-04-07T06:49:58Z"
            },
            {
                "ns": 0,
                "title": "Jack Ryan (TV series)",
                "pageid": 55456978,
                "size": 65111,
                "wordcount": 4577,
                "snippet": "Tom Clancy's Jack Ryan (also known simply as Jack Ryan), is an American political action thriller television series, based on characters from the fictional",
                "timestamp": "2022-04-04T00:12:04Z"
            },
            {
                "ns": 0,
                "title": "Super Crooks",
                "pageid": 69084111,
                "size": 16810,
                "wordcount": 1024,
                "snippet": "Super Crooks is a Japanese-American superhero anime streaming television series based on the comic book series of the same name by writer Mark Millar and",
                "timestamp": "2022-04-05T19:10:19Z"
            },
            {
                "ns": 0,
                "title": "Snowpiercer (TV series)",
                "pageid": 58726223,
                "size": 152622,
                "wordcount": 11074,
                "snippet": "Snowpiercer is an American post-apocalyptic dystopian thriller television drama series that premiered on TNT on May 17, 2020. It is based on both the 2013",
                "timestamp": "2022-04-06T14:34:41Z"
            },
            {
                "ns": 0,
                "title": "Emily in Paris",
                "pageid": 58411201,
                "size": 69945,
                "wordcount": 4270,
                "snippet": "Emily in Paris is an American comedy-drama streaming television series created by Darren Star for Netflix. Set and filmed in Paris, the series stars Lily",
                "timestamp": "2022-04-02T13:49:57Z"
            },
            {
                "ns": 0,
                "title": "Barry (TV series)",
                "pageid": 51196320,
                "size": 104300,
                "wordcount": 4141,
                "snippet": "Barry is an American dark comedy crime drama television series created by Alec Berg and Bill Hader that premiered on HBO on March 25, 2018. Hader stars",
                "timestamp": "2022-04-07T07:51:23Z"
            },
            {
                "ns": 0,
                "title": "Narcos",
                "pageid": 44819477,
                "size": 67623,
                "wordcount": 5866,
                "snippet": "Narcos is an American crime drama streaming television series created and produced by Chris Brancato, Carlo Bernard, and Doug Miro. Set and filmed in Colombia",
                "timestamp": "2022-03-26T10:29:51Z"
            },
            {
                "ns": 0,
                "title": "American Crime Story",
                "pageid": 44052917,
                "size": 91142,
                "wordcount": 6526,
                "snippet": "American Crime Story is an American anthology true crime television series developed by Scott Alexander and Larry Karaszewski, who are also executive producers",
                "timestamp": "2022-03-21T21:32:12Z"
            },
            {
                "ns": 0,
                "title": "The Righteous Gemstones",
                "pageid": 57829559,
                "size": 57373,
                "wordcount": 2906,
                "snippet": "The Righteous Gemstones is an American dark comedy television series created by Danny McBride that premiered on August 18, 2019, on HBO. The series follows",
                "timestamp": "2022-04-02T00:49:22Z"
            },
            {
                "ns": 0,
                "title": "The Flight Attendant",
                "pageid": 57503606,
                "size": 55908,
                "wordcount": 2503,
                "snippet": "The Flight Attendant is an American comedy-drama mystery thriller television series developed by Steve Yockey based on the 2018 novel of the same name",
                "timestamp": "2022-04-01T23:05:40Z"
            },
            {
                "ns": 0,
                "title": "Invincible (TV series)",
                "pageid": 57719771,
                "size": 57012,
                "wordcount": 4721,
                "snippet": "Invincible is an American adult animated superhero television series, based on the Image Comics series of the same name by Robert Kirkman, Cory Walker",
                "timestamp": "2022-04-04T01:15:14Z"
            },
            {
                "ns": 0,
                "title": "David Ortiz",
                "pageid": 738625,
                "size": 113091,
                "wordcount": 12234,
                "snippet": "David Américo Ortiz Arias (born November 18, 1975), nicknamed &quot;Big Papi&quot;, is a Dominican-American former professional baseball designated hitter and first",
                "timestamp": "2022-04-02T17:21:41Z"
            },
            {
                "ns": 0,
                "title": "Twenty-Five Twenty-One",
                "pageid": 60163783,
                "size": 59207,
                "wordcount": 4102,
                "snippet": "Twenty-Five Twenty-One (Korean: 스물다섯 스물하나; RR: Seumuldaseot Seumulhana) is a 2022 South Korean television series directed by Jung Ji-hyun and starring",
                "timestamp": "2022-04-07T03:26:48Z"
            },
            {
                "ns": 0,
                "title": "List of Grey's Anatomy episodes",
                "pageid": 2805792,
                "size": 50785,
                "wordcount": 14670,
                "snippet": "Grey's Anatomy is an American medical drama television series that premiered on American Broadcasting Company (ABC) as a mid-season replacement on March",
                "timestamp": "2022-04-07T00:56:39Z"
            },
            {
                "ns": 0,
                "title": "Fawlty Towers",
                "pageid": 11673,
                "size": 78239,
                "wordcount": 8538,
                "snippet": "Fawlty Towers is a British television sitcom written by John Cleese and Connie Booth, broadcast on BBC2 in 1975 and 1979. Two series of six episodes each",
                "timestamp": "2022-03-26T02:21:17Z"
            },
            {
                "ns": 0,
                "title": "Luke Cage (TV series)",
                "pageid": 45082948,
                "size": 101985,
                "wordcount": 7995,
                "snippet": "Marvel's Luke Cage is an American television series created by Cheo Hodari Coker for the streaming service Netflix, based on the Marvel Comics character",
                "timestamp": "2022-04-03T21:45:20Z"
            },
            {
                "ns": 0,
                "title": "Watchmen (TV series)",
                "pageid": 57795024,
                "size": 149822,
                "wordcount": 9473,
                "snippet": "Watchmen is an American superhero drama limited series based on the 1986 DC Comics series of the same title, created by Alan Moore and Dave Gibbons. The",
                "timestamp": "2022-04-02T03:33:22Z"
            },
            {
                "ns": 0,
                "title": "Never Have I Ever (TV series)",
                "pageid": 63669810,
                "size": 45395,
                "wordcount": 2224,
                "snippet": "Never Have I Ever is an American coming-of-age comedy-drama television series starring Maitreyi Ramakrishnan and created by Mindy Kaling and Lang Fisher",
                "timestamp": "2022-03-31T08:27:00Z"
            },
            {
                "ns": 0,
                "title": "Narcos: Mexico",
                "pageid": 57935436,
                "size": 58465,
                "wordcount": 2535,
                "snippet": "Narcos: Mexico is an American crime drama streaming television series created and produced by Chris Brancato, Carlo Bernard, and Doug Miro that premiered",
                "timestamp": "2022-04-06T21:31:24Z"
            },
            {
                "ns": 0,
                "title": "List of The Office (American TV series) episodes",
                "pageid": 3385725,
                "size": 50074,
                "wordcount": 9183,
                "snippet": "The Office is an American television sitcom broadcast on NBC. Created as an adaptation by Greg Daniels of the British series of the same name, it is a",
                "timestamp": "2022-03-30T15:50:25Z"
            },
            {
                "ns": 0,
                "title": "Shadow and Bone (TV series)",
                "pageid": 59629338,
                "size": 51226,
                "wordcount": 3494,
                "snippet": "Shadow and Bone is an American fantasy streaming television series developed by Eric Heisserer for Netflix. It is based on two series of books in the Grishaverse",
                "timestamp": "2022-03-23T06:50:28Z"
            },
            {
                "ns": 0,
                "title": "Love, Death & Robots",
                "pageid": 59959174,
                "size": 63113,
                "wordcount": 1675,
                "snippet": "Love, Death &amp; Robots (stylized as LOVE DEATH + R⬮BOTS, and represented in emoji form as ❤️❌🤖) is an adult animated anthology horror streaming television",
                "timestamp": "2022-03-26T14:48:46Z"
            },
            {
                "ns": 0,
                "title": "The Haunting of Hill House (TV series)",
                "pageid": 55785904,
                "size": 48272,
                "wordcount": 2561,
                "snippet": "The Haunting of Hill House is an American supernatural horror drama streaming television miniseries created and directed by Mike Flanagan, produced by",
                "timestamp": "2022-04-05T08:39:06Z"
            },
            {
                "ns": 0,
                "title": "Love Is Blind (TV series)",
                "pageid": 62995635,
                "size": 45018,
                "wordcount": 2654,
                "snippet": "Love Is Blind is a dating reality television series produced by Kinetic Content and created by Chris Coelen that premiered on Netflix on February 13, 2020",
                "timestamp": "2022-03-27T02:03:55Z"
            },
            {
                "ns": 0,
                "title": "Outer Banks (TV series)",
                "pageid": 63531414,
                "size": 51233,
                "wordcount": 1990,
                "snippet": "Outer Banks is an American action-adventure mystery teen drama streaming television series created by Josh Pate, Jonas Pate, and Shannon Burke that premiered",
                "timestamp": "2022-04-04T22:30:08Z"
            },
            {
                "ns": 0,
                "title": "Kingdom (South Korean TV series)",
                "pageid": 54469332,
                "size": 82622,
                "wordcount": 7268,
                "snippet": "Kingdom (Korean: 킹덤; RR: Kingdeom) is a 2019 South Korean political period horror thriller streaming television series, created and written by Kim Eun-hee",
                "timestamp": "2022-04-01T00:18:24Z"
            },
            {
                "ns": 0,
                "title": "Only Murders in the Building",
                "pageid": 66041649,
                "size": 49031,
                "wordcount": 2512,
                "snippet": "Only Murders in the Building is an American mystery-comedy streaming television series created by Steve Martin and John Hoffman. The ten-episode first",
                "timestamp": "2022-04-06T15:29:01Z"
            },
            {
                "ns": 0,
                "title": "His Dark Materials (TV series)",
                "pageid": 56794213,
                "size": 93169,
                "wordcount": 5194,
                "snippet": "His Dark Materials is a fantasy drama television series based on the trilogy of novels of the same name by Philip Pullman. It is produced by Bad Wolf and",
                "timestamp": "2022-04-03T14:03:52Z"
            },
            {
                "ns": 0,
                "title": "List of Batman: The Animated Series episodes",
                "pageid": 5320361,
                "size": 68112,
                "wordcount": 527,
                "snippet": "Batman: The Animated Series is an American television series based on the DC Comics superhero Batman, which was produced by Warner Bros. Animation and",
                "timestamp": "2022-03-26T23:31:19Z"
            },
            {
                "ns": 0,
                "title": "Raised by Wolves (American TV series)",
                "pageid": 58696291,
                "size": 42340,
                "wordcount": 2026,
                "snippet": "Raised by Wolves is an American science fiction drama television series created by Aaron Guzikowski that premiered on HBO Max on September 3, 2020. The",
                "timestamp": "2022-04-06T18:57:45Z"
            },
            {
                "ns": 0,
                "title": "9-1-1: Lone Star",
                "pageid": 60746927,
                "size": 102082,
                "wordcount": 4471,
                "snippet": "9-1-1: Lone Star is an American procedural drama television series focusing on the fire, police, and ambulance departments of the fictional company 126",
                "timestamp": "2022-04-05T21:56:19Z"
            },
            {
                "ns": 0,
                "title": "Jurassic World Camp Cretaceous",
                "pageid": 61769741,
                "size": 105489,
                "wordcount": 5425,
                "snippet": "Jurassic World Camp Cretaceous is an American animated science fiction action-adventure streaming television series developed by Zack Stentz. A part of",
                "timestamp": "2022-03-27T20:07:48Z"
            },
            {
                "ns": 0,
                "title": "List of Star Wars: The Clone Wars episodes",
                "pageid": 19229713,
                "size": 160079,
                "wordcount": 4953,
                "snippet": "Star Wars: The Clone Wars is an American 3D CGI animated television series created by Lucasfilm Animation, Lucasfilm Animation Singapore, and CGCG Inc",
                "timestamp": "2022-03-22T18:47:55Z"
            },
            {
                "ns": 0,
                "title": "The Wheel of Time (TV series)",
                "pageid": 58636426,
                "size": 76069,
                "wordcount": 5643,
                "snippet": "The Wheel of Time is an American epic fantasy television series released through Amazon Prime Video. The series is based on Robert Jordan's novel series",
                "timestamp": "2022-04-05T12:49:25Z"
            },
            {
                "ns": 0,
                "title": "Runaways (TV series)",
                "pageid": 51351798,
                "size": 128085,
                "wordcount": 7159,
                "snippet": "Marvel's Runaways, or simply Runaways, is an American television series created by Josh Schwartz and Stephanie Savage for the streaming service Hulu, based",
                "timestamp": "2022-03-28T05:23:00Z"
            },
            {
                "ns": 0,
                "title": "Magnum P.I. (2018 TV series)",
                "pageid": 57394567,
                "size": 66306,
                "wordcount": 7064,
                "snippet": "Magnum P.I. is an American action drama television series developed by Peter M. Lenkov and Eric Guggenheim. It stars Jay Hernandez as Thomas Magnum, a",
                "timestamp": "2022-04-06T18:59:39Z"
            },
            {
                "ns": 0,
                "title": "Crash Landing on You",
                "pageid": 61308055,
                "size": 109707,
                "wordcount": 8129,
                "snippet": "Crash Landing on You (Korean: 사랑의 불시착; Hanja: 사랑의 不時着; RR: Sarang-ui Bulsichak; MR: Sarang-ŭi Pulshich'ak; lit. Love's Emergency Landing) is a 2019–2020",
                "timestamp": "2022-04-03T12:54:16Z"
            },
            {
                "ns": 0,
                "title": "Pose (TV series)",
                "pageid": 53786527,
                "size": 126415,
                "wordcount": 6540,
                "snippet": "Pose (stylized as POSE) is an American drama television series about New York City's drag ball culture scene, an LGBTQ subculture in the African-American",
                "timestamp": "2022-03-26T22:13:10Z"
            },
            {
                "ns": 0,
                "title": "30 for 30",
                "pageid": 24223834,
                "size": 183616,
                "wordcount": 5818,
                "snippet": "30 for 30 is the title for a series of documentary films airing on ESPN, its sister networks, and online highlighting interesting people and events in",
                "timestamp": "2022-04-01T11:25:52Z"
            },
            {
                "ns": 0,
                "title": "Our Flag Means Death",
                "pageid": 65382952,
                "size": 30586,
                "wordcount": 1109,
                "snippet": "Our Flag Means Death is a period romantic comedy television series created by David Jenkins. It premiered on HBO Max on March 3, 2022. The series is loosely",
                "timestamp": "2022-04-06T19:50:15Z"
            },
            {
                "ns": 0,
                "title": "Star Trek: Lower Decks",
                "pageid": 58877171,
                "size": 61492,
                "wordcount": 4970,
                "snippet": "Star Trek: Lower Decks is an American adult animated television series created by Mike McMahan for the streaming service CBS All Access (later rebranded",
                "timestamp": "2022-04-07T00:31:02Z"
            },
            {
                "ns": 0,
                "title": "Upload (TV series)",
                "pageid": 58018047,
                "size": 38491,
                "wordcount": 1553,
                "snippet": "Upload is an American science fiction comedy-drama television series created by Greg Daniels. The series premiered on May 1, 2020, on Amazon Prime Video",
                "timestamp": "2022-04-03T18:52:10Z"
            },
            {
                "ns": 0,
                "title": "Reacher (TV series)",
                "pageid": 62855526,
                "size": 26457,
                "wordcount": 1347,
                "snippet": "Reacher is an American crime thriller streaming television series developed by Nick Santora for Amazon Prime Video. Based on the Jack Reacher book series",
                "timestamp": "2022-04-04T14:40:46Z"
            },
            {
                "ns": 0,
                "title": "Tiger King",
                "pageid": 63417747,
                "size": 77642,
                "wordcount": 5906,
                "snippet": "Tiger King (subtitled in marketing as Tiger King: Murder, Mayhem, and Madness for its first season, Tiger King 2 for its second season and Tiger King:",
                "timestamp": "2022-03-26T17:06:32Z"
            }
        ]
    }
}
