{
    "batchcomplete": "",
    "continue": {
        "sroffset": 500,
        "continue": "-||"
    },
    "query": {
        "searchinfo": {
            "totalhits": 27052
        },
        "search": [
            {
                "ns": 0,
                "title": "Michael Jordan",
                "pageid": 20455,
                "size": 192935,
                "wordcount": 18231,
                "snippet": "Michael Jeffrey Jordan (born February 17, 1963), also known by his initials MJ, is an American businessman and former professional basketball player. His",
                "timestamp": "2022-04-07T08:08:24Z"
            },
            {
                "ns": 0,
                "title": "Albert Pujols",
                "pageid": 718196,
                "size": 196476,
                "wordcount": 15726,
                "snippet": "José Alberto Pujols Alcántara (Spanish pronunciation: [puˈxols]; born January 16, 1980) is a Dominican-American professional baseball first baseman and",
                "timestamp": "2022-04-07T07:36:18Z"
            },
            {
                "ns": 0,
                "title": "Babe Ruth",
                "pageid": 4173,
                "size": 150539,
                "wordcount": 19631,
                "snippet": "George Herman &quot;Babe&quot; Ruth Jr. (February 6, 1895 – August 16, 1948) was an American professional baseball player whose career in Major League Baseball (MLB)",
                "timestamp": "2022-03-27T00:21:00Z"
            },
            {
                "ns": 0,
                "title": "Jackie Robinson",
                "pageid": 16193,
                "size": 159996,
                "wordcount": 15661,
                "snippet": "Jack Roosevelt Robinson (January 31, 1919 – October 24, 1972) was an American professional baseball player who became the first African American to play",
                "timestamp": "2022-04-01T17:17:25Z"
            },
            {
                "ns": 0,
                "title": "Russell Wilson",
                "pageid": 21143591,
                "size": 164389,
                "wordcount": 13911,
                "snippet": "Russell Carrington Wilson (born November 29, 1988) is an American football quarterback for the Denver Broncos of the National Football League (NFL). Wilson",
                "timestamp": "2022-04-05T16:00:06Z"
            },
            {
                "ns": 0,
                "title": "Joe DiMaggio",
                "pageid": 48891,
                "size": 81465,
                "wordcount": 7889,
                "snippet": "Joseph Paul DiMaggio (November 25, 1914 – March 8, 1999), nicknamed &quot;Joltin' Joe&quot;, &quot;The Yankee Clipper&quot; and &quot;Joe D.&quot; was an American baseball center fielder",
                "timestamp": "2022-04-06T20:31:04Z"
            },
            {
                "ns": 0,
                "title": "Deion Sanders",
                "pageid": 901141,
                "size": 79020,
                "wordcount": 7300,
                "snippet": "Deion Luwynn Sanders Sr. (born August 9, 1967), nicknamed &quot;Prime Time&quot; and &quot;Neon Deion&quot;, is a former football and baseball player, and currently the head",
                "timestamp": "2022-04-06T18:35:50Z"
            },
            {
                "ns": 0,
                "title": "Derek Jeter",
                "pageid": 218947,
                "size": 191805,
                "wordcount": 16600,
                "snippet": "Derek Sanderson Jeter (/ˈdʒiːtər/ JEE-tər; born June 26, 1974) is an American former professional baseball shortstop, businessman, and baseball executive",
                "timestamp": "2022-03-20T02:21:53Z"
            },
            {
                "ns": 0,
                "title": "Ted Turner",
                "pageid": 30475,
                "size": 72201,
                "wordcount": 7330,
                "snippet": "Robert Edward Turner III (born November 19, 1938) is an American entrepreneur, television producer, media proprietor, and philanthropist. As a businessman",
                "timestamp": "2022-04-04T14:59:02Z"
            },
            {
                "ns": 0,
                "title": "Alex Rodriguez",
                "pageid": 212472,
                "size": 186139,
                "wordcount": 18842,
                "snippet": "Alexander Emmanuel Rodriguez (born July 27, 1975), nicknamed &quot;A-Rod,&quot; is an American former professional baseball shortstop and third baseman, businessman",
                "timestamp": "2022-03-06T09:31:01Z"
            },
            {
                "ns": 0,
                "title": "Lou Gehrig",
                "pageid": 19381762,
                "size": 91757,
                "wordcount": 9448,
                "snippet": "Henry Louis Gehrig (born Heinrich Ludwig Gehrig; June 19, 1903 – June 2, 1941) was an American professional baseball first baseman who played 17 seasons",
                "timestamp": "2022-04-03T11:48:42Z"
            },
            {
                "ns": 0,
                "title": "Jim Thome",
                "pageid": 726320,
                "size": 106174,
                "wordcount": 9722,
                "snippet": "James Howard Thome (/ˈtoʊmi/; born August 27, 1970) is an American former professional baseball corner infielder and designated hitter, who played in Major",
                "timestamp": "2022-03-24T02:19:03Z"
            },
            {
                "ns": 0,
                "title": "Billy Beane",
                "pageid": 316095,
                "size": 32447,
                "wordcount": 2961,
                "snippet": "William Lamar Beane III (born March 29, 1962) is an American former professional baseball player and current front office executive. He is the executive",
                "timestamp": "2022-04-07T04:04:51Z"
            },
            {
                "ns": 0,
                "title": "Mickey Mantle",
                "pageid": 63665,
                "size": 96727,
                "wordcount": 10268,
                "snippet": "Mickey Charles Mantle (October 20, 1931 – August 13, 1995), nicknamed The Commerce Comet and The Mick, was an American professional baseball player. Mantle",
                "timestamp": "2022-04-07T07:12:44Z"
            },
            {
                "ns": 0,
                "title": "Satchel Paige",
                "pageid": 28630,
                "size": 107161,
                "wordcount": 14072,
                "snippet": "Leroy Robert &quot;Satchel&quot; Paige (July 7, 1906 – June 8, 1982) was an American professional baseball pitcher who played in Negro league baseball and Major",
                "timestamp": "2022-04-06T01:45:54Z"
            },
            {
                "ns": 0,
                "title": "Ken Griffey Jr.",
                "pageid": 63493,
                "size": 75652,
                "wordcount": 7896,
                "snippet": "George Kenneth Griffey Jr. (born November 21, 1969), nicknamed &quot;Junior&quot; and &quot;the Kid&quot;, is an American former professional baseball outfielder who played",
                "timestamp": "2022-04-03T03:52:08Z"
            },
            {
                "ns": 0,
                "title": "Jack Kent Cooke",
                "pageid": 908464,
                "size": 24222,
                "wordcount": 2731,
                "snippet": "Jack Kent Cooke (October 25, 1912 – April 6, 1997) was a Canadian-American businessman in broadcasting and professional sports. Starting in sales, Cooke",
                "timestamp": "2022-04-02T20:23:27Z"
            },
            {
                "ns": 0,
                "title": "Nolan Ryan",
                "pageid": 65459,
                "size": 69909,
                "wordcount": 7707,
                "snippet": "Lynn Nolan Ryan Jr. (born January 31, 1947), nicknamed The Ryan Express, is an American former Major League Baseball (MLB) pitcher and sports executive",
                "timestamp": "2022-04-07T08:13:43Z"
            },
            {
                "ns": 0,
                "title": "Craig Kimbrel",
                "pageid": 27246393,
                "size": 49769,
                "wordcount": 4693,
                "snippet": "Craig Michael Kimbrel (born May 28, 1988) is an American professional baseball pitcher for the Los Angeles Dodgers of Major League Baseball (MLB). He previously",
                "timestamp": "2022-04-06T00:02:30Z"
            },
            {
                "ns": 0,
                "title": "Barry Bonds",
                "pageid": 4375,
                "size": 165279,
                "wordcount": 15252,
                "snippet": "Barry Lamar Bonds (born July 24, 1964) is an American former professional baseball left fielder who played 22 seasons in Major League Baseball (MLB). Bonds",
                "timestamp": "2022-04-03T17:35:35Z"
            },
            {
                "ns": 0,
                "title": "Yogi Berra",
                "pageid": 43088,
                "size": 81370,
                "wordcount": 7364,
                "snippet": "Lawrence Peter &quot;Yogi&quot; Berra (May 12, 1925 – September 22, 2015) was an American professional baseball catcher who later took on the roles of manager and",
                "timestamp": "2022-03-17T12:28:12Z"
            },
            {
                "ns": 0,
                "title": "Max Scherzer",
                "pageid": 12760718,
                "size": 125013,
                "wordcount": 12643,
                "snippet": "Maxwell Martin Scherzer (born July 27, 1984) is an American professional baseball pitcher for the New York Mets of Major League Baseball (MLB). He previously",
                "timestamp": "2022-04-02T17:37:00Z"
            },
            {
                "ns": 0,
                "title": "Bo Jackson",
                "pageid": 625066,
                "size": 58621,
                "wordcount": 6133,
                "snippet": "Vincent Edward &quot;Bo&quot; Jackson (born November 30, 1962) is an American former professional baseball and American football player. He is the only professional",
                "timestamp": "2022-04-03T00:03:16Z"
            },
            {
                "ns": 0,
                "title": "Hank Aaron",
                "pageid": 14321,
                "size": 106420,
                "wordcount": 10708,
                "snippet": "Henry Louis Aaron (February 5, 1934 – January 22, 2021), nicknamed &quot;Hammer&quot; or &quot;Hammerin' Hank&quot;, was an American professional baseball right fielder who",
                "timestamp": "2022-03-30T20:18:35Z"
            },
            {
                "ns": 0,
                "title": "Mike Trout",
                "pageid": 28047771,
                "size": 104229,
                "wordcount": 10238,
                "snippet": "Michael Nelson Trout (born August 7, 1991) is an American professional baseball center fielder for the Los Angeles Angels of Major League Baseball (MLB)",
                "timestamp": "2022-03-23T22:56:20Z"
            },
            {
                "ns": 0,
                "title": "Jim Thorpe",
                "pageid": 53869,
                "size": 78914,
                "wordcount": 8576,
                "snippet": "James Francis Thorpe (Sac and Fox (Sauk): Wa-Tho-Huk, translated as &quot;Bright Path&quot;; May 22 or 28, 1887 – March 28, 1953) was an American athlete and Olympic",
                "timestamp": "2022-04-05T17:11:03Z"
            },
            {
                "ns": 0,
                "title": "Pete Rose",
                "pageid": 52970,
                "size": 75896,
                "wordcount": 9014,
                "snippet": "Peter Edward Rose Sr. (born April 14, 1941), also known by his nickname &quot;Charlie Hustle&quot;, is an American former professional baseball player and manager",
                "timestamp": "2022-03-31T22:47:37Z"
            },
            {
                "ns": 0,
                "title": "Randy Johnson",
                "pageid": 386384,
                "size": 62328,
                "wordcount": 6366,
                "snippet": "Randall David Johnson (born September 10, 1963), nicknamed &quot;The Big Unit&quot;, is an American former professional baseball pitcher who played 22 seasons in",
                "timestamp": "2022-03-30T01:56:48Z"
            },
            {
                "ns": 0,
                "title": "Ted Williams",
                "pageid": 31496,
                "size": 114426,
                "wordcount": 13014,
                "snippet": "Theodore Samuel Williams (August 30, 1918 – July 5, 2002) was an American professional baseball player and manager. He played his entire 19-year Major",
                "timestamp": "2022-04-05T01:10:26Z"
            },
            {
                "ns": 0,
                "title": "Willie Mays",
                "pageid": 62512,
                "size": 123110,
                "wordcount": 13463,
                "snippet": "Willie Howard Mays Jr. (born May 6, 1931), nicknamed &quot;The Say Hey Kid&quot; and &quot;Buck&quot;, is an American former professional baseball center fielder. He spent",
                "timestamp": "2022-03-07T02:51:01Z"
            },
            {
                "ns": 0,
                "title": "Ty Cobb",
                "pageid": 31586,
                "size": 103873,
                "wordcount": 11482,
                "snippet": "Tyrus Raymond Cobb (December 18, 1886 – July 17, 1961), nicknamed &quot;The Georgia Peach&quot;, was an American Major League Baseball (MLB) outfielder. He was born",
                "timestamp": "2022-04-02T23:33:39Z"
            },
            {
                "ns": 0,
                "title": "Bryce Harper",
                "pageid": 22156261,
                "size": 73129,
                "wordcount": 7404,
                "snippet": "Bryce Aron Max Harper (born October 16, 1992) is an American professional baseball right fielder for the Philadelphia Phillies of Major League Baseball",
                "timestamp": "2022-03-31T05:13:30Z"
            },
            {
                "ns": 0,
                "title": "Shohei Ohtani",
                "pageid": 37426141,
                "size": 103338,
                "wordcount": 10980,
                "snippet": "Shohei Ohtani (大谷 翔平, Ōtani Shōhei, born July 5, 1994), nicknamed &quot;Shotime&quot;, is a Japanese professional baseball pitcher, designated hitter and outfielder",
                "timestamp": "2022-04-06T16:34:43Z"
            },
            {
                "ns": 0,
                "title": "Roberto Clemente",
                "pageid": 25901,
                "size": 113713,
                "wordcount": 12271,
                "snippet": "Roberto Enrique Clemente Walker (Spanish pronunciation: [roˈβeɾto enˈrike kleˈmente (ɣ)walˈkeɾ]; August 18, 1934 – December 31, 1972) was a Puerto Rican",
                "timestamp": "2022-03-30T15:33:45Z"
            },
            {
                "ns": 0,
                "title": "Zack Greinke",
                "pageid": 990732,
                "size": 67307,
                "wordcount": 6753,
                "snippet": "Donald Zackary Greinke (/ˈɡreɪŋki/ GRAIN-kee; born October 21, 1983) is an American professional baseball pitcher for the Kansas City Royals of Major League",
                "timestamp": "2022-04-06T17:33:46Z"
            },
            {
                "ns": 0,
                "title": "Justin Verlander",
                "pageid": 3616702,
                "size": 100785,
                "wordcount": 11190,
                "snippet": "Justin Brooks Verlander (born February 20, 1983) is an American professional baseball pitcher for the Houston Astros of Major League Baseball (MLB). He",
                "timestamp": "2022-03-28T23:30:44Z"
            },
            {
                "ns": 0,
                "title": "Reggie Jackson",
                "pageid": 59396,
                "size": 83634,
                "wordcount": 9636,
                "snippet": "Reginald Martinez Jackson (born May 18, 1946) is an American former professional baseball right fielder who played 21 seasons in Major League Baseball",
                "timestamp": "2022-01-25T06:04:32Z"
            },
            {
                "ns": 0,
                "title": "Trevor Bauer",
                "pageid": 27969387,
                "size": 99724,
                "wordcount": 9089,
                "snippet": "Trevor Andrew Bauer (born January 17, 1991) is an American professional baseball pitcher for the Los Angeles Dodgers of Major League Baseball (MLB). He",
                "timestamp": "2022-03-30T01:54:41Z"
            },
            {
                "ns": 0,
                "title": "Sandy Koufax",
                "pageid": 84625,
                "size": 87451,
                "wordcount": 8725,
                "snippet": "Sanford Koufax (/ˈkoʊfæks/; born Sanford Braun; December 30, 1935) is an American former professional baseball left-handed pitcher. He pitched 12 seasons",
                "timestamp": "2022-03-15T17:11:08Z"
            },
            {
                "ns": 0,
                "title": "Mark McGwire",
                "pageid": 20548,
                "size": 47229,
                "wordcount": 4516,
                "snippet": "Mark David McGwire (born October 1, 1963), nicknamed &quot;Big Mac&quot;, is an American former professional baseball first baseman. His Major League Baseball (MLB)",
                "timestamp": "2022-03-10T21:38:57Z"
            },
            {
                "ns": 0,
                "title": "David Ortiz",
                "pageid": 738625,
                "size": 113091,
                "wordcount": 12234,
                "snippet": "David Américo Ortiz Arias (born November 18, 1975), nicknamed &quot;Big Papi&quot;, is a Dominican-American former professional baseball designated hitter and first",
                "timestamp": "2022-04-02T17:21:41Z"
            },
            {
                "ns": 0,
                "title": "Rickey Henderson",
                "pageid": 65453,
                "size": 88478,
                "wordcount": 9822,
                "snippet": "Rickey Nelson Henley Henderson (born December 25, 1958) is an American retired professional baseball left fielder who played his 24 seasons in Major League",
                "timestamp": "2022-04-04T14:34:01Z"
            },
            {
                "ns": 0,
                "title": "Cal Ripken Jr.",
                "pageid": 153856,
                "size": 109775,
                "wordcount": 11973,
                "snippet": "Calvin Edwin Ripken Jr. (born August 24, 1960), nicknamed &quot;The Iron Man&quot;, is an American former baseball shortstop and third baseman who played 21 seasons",
                "timestamp": "2022-04-03T09:29:07Z"
            },
            {
                "ns": 0,
                "title": "Don Mattingly",
                "pageid": 102811,
                "size": 54784,
                "wordcount": 5335,
                "snippet": "Donald Arthur Mattingly (born April 20, 1961) is an American former professional baseball first baseman, coach, and current manager for the Miami Marlins",
                "timestamp": "2022-03-27T04:20:40Z"
            },
            {
                "ns": 0,
                "title": "Miguel Cabrera",
                "pageid": 685085,
                "size": 103947,
                "wordcount": 11136,
                "snippet": "José Miguel Cabrera Torres (born April 18, 1983), nicknamed &quot;Miggy&quot;, is a Venezuelan professional baseball first baseman and designated hitter for the",
                "timestamp": "2022-03-30T19:11:51Z"
            },
            {
                "ns": 0,
                "title": "Roger Clemens",
                "pageid": 26074,
                "size": 89347,
                "wordcount": 9767,
                "snippet": "William Roger Clemens (born August 4, 1962), nicknamed &quot;Rocket&quot;, is an American former professional baseball pitcher who played 24 seasons in Major League",
                "timestamp": "2022-03-29T22:48:01Z"
            },
            {
                "ns": 0,
                "title": "Ichiro Suzuki",
                "pageid": 66417,
                "size": 136962,
                "wordcount": 13655,
                "snippet": "Ichiro Suzuki /ˈiːtʃɪroʊ suːˈzuːki/ (鈴木 一朗, Suzuki Ichirō, born 22 October 1973), also known mononymously as Ichiro (イチロー, Ichirō), is a Japanese former",
                "timestamp": "2022-04-04T23:31:47Z"
            },
            {
                "ns": 0,
                "title": "Chuck Connors",
                "pageid": 496779,
                "size": 40904,
                "wordcount": 3070,
                "snippet": "Kevin Joseph Aloysius &quot;Chuck&quot; Connors (April 10, 1921 – November 10, 1992) was an American actor, writer, and professional basketball and baseball player",
                "timestamp": "2022-04-05T20:18:33Z"
            },
            {
                "ns": 0,
                "title": "Cy Young",
                "pageid": 6849,
                "size": 41278,
                "wordcount": 4487,
                "snippet": "Denton True &quot;Cy&quot; Young (March 29, 1867 – November 4, 1955) was an American Major League Baseball (MLB) pitcher. Born in Gilmore, Ohio, he worked on his",
                "timestamp": "2022-04-04T21:56:48Z"
            },
            {
                "ns": 0,
                "title": "Wade Boggs",
                "pageid": 306282,
                "size": 33742,
                "wordcount": 3587,
                "snippet": "Wade Anthony Boggs (born June 15, 1958) is an American former professional baseball third baseman. He spent 18 seasons in Major League Baseball, primarily",
                "timestamp": "2022-02-02T21:01:24Z"
            },
            {
                "ns": 0,
                "title": "Mariano Rivera",
                "pageid": 341814,
                "size": 198014,
                "wordcount": 19116,
                "snippet": "Mariano Rivera (born November 29, 1969) is a Panamanian-American former professional baseball pitcher who played 19 seasons in Major League Baseball (MLB)",
                "timestamp": "2022-03-29T22:44:26Z"
            },
            {
                "ns": 0,
                "title": "Jacob deGrom",
                "pageid": 40313558,
                "size": 68620,
                "wordcount": 6100,
                "snippet": "Jacob Anthony deGrom (born June 19, 1988), nicknamed &quot;The deGrominator&quot;, is an American professional baseball pitcher for the New York Mets of Major League",
                "timestamp": "2022-04-02T16:28:53Z"
            },
            {
                "ns": 0,
                "title": "Don Drysdale",
                "pageid": 364847,
                "size": 31532,
                "wordcount": 3226,
                "snippet": "Donald Scott Drysdale (July 23, 1936 – July 3, 1993) was an American professional baseball player and television sports commentator. A right-handed pitcher",
                "timestamp": "2022-03-21T00:51:28Z"
            },
            {
                "ns": 0,
                "title": "Roy Halladay",
                "pageid": 313339,
                "size": 97174,
                "wordcount": 9638,
                "snippet": "Harry Leroy &quot;Roy&quot; Halladay III (May 14, 1977 – November 7, 2017) was an American professional baseball pitcher, who played in Major League Baseball (MLB)",
                "timestamp": "2022-03-10T03:18:00Z"
            },
            {
                "ns": 0,
                "title": "Frank Thomas (designated hitter)",
                "pageid": 372723,
                "size": 57217,
                "wordcount": 6530,
                "snippet": "Frank Edward Thomas Jr. (born May 27, 1968), nicknamed &quot;the Big Hurt&quot;, is an American former professional baseball first baseman and designated hitter",
                "timestamp": "2022-04-02T08:43:52Z"
            },
            {
                "ns": 0,
                "title": "Sammy Sosa",
                "pageid": 26920,
                "size": 31021,
                "wordcount": 3499,
                "snippet": "Samuel Peralta Sosa (born November 12, 1968) is a Dominican-American former professional baseball right fielder. He played in Major League Baseball (MLB)",
                "timestamp": "2022-03-29T03:23:54Z"
            },
            {
                "ns": 0,
                "title": "Clayton Kershaw",
                "pageid": 9641635,
                "size": 130638,
                "wordcount": 12722,
                "snippet": "Clayton Edward Kershaw (born March 19, 1988) is an American professional baseball pitcher for the Los Angeles Dodgers of Major League Baseball (MLB). He",
                "timestamp": "2022-03-14T01:47:28Z"
            },
            {
                "ns": 0,
                "title": "David Justice",
                "pageid": 446413,
                "size": 18488,
                "wordcount": 1872,
                "snippet": "David Christopher Justice (born April 14, 1966) is an American former professional baseball outfielder and designated hitter in Major League Baseball who",
                "timestamp": "2022-03-13T18:45:05Z"
            },
            {
                "ns": 0,
                "title": "Freddie Freeman",
                "pageid": 23676613,
                "size": 63643,
                "wordcount": 5914,
                "snippet": "Frederick Charles Freeman (born September 12, 1989) is an American professional baseball first baseman for the Los Angeles Dodgers of Major League Baseball",
                "timestamp": "2022-04-03T02:24:44Z"
            },
            {
                "ns": 0,
                "title": "Yadier Molina",
                "pageid": 1567202,
                "size": 207969,
                "wordcount": 18652,
                "snippet": "Yadier Benjamín Molina (Spanish pronunciation: [ʝaˈdjeɾ moˈlina]; born July 13, 1982), nicknamed &quot;Yadi&quot;, is a Puerto Rican professional baseball catcher",
                "timestamp": "2022-03-31T04:30:56Z"
            },
            {
                "ns": 0,
                "title": "Pedro Martínez",
                "pageid": 24630,
                "size": 76150,
                "wordcount": 9058,
                "snippet": "Pedro Jaime Martínez (born October 25, 1971) is a Dominican-American former professional baseball starting pitcher, who played in Major League Baseball",
                "timestamp": "2022-04-06T06:33:06Z"
            },
            {
                "ns": 0,
                "title": "Buster Posey",
                "pageid": 17789250,
                "size": 69325,
                "wordcount": 6846,
                "snippet": "Gerald Dempsey &quot;Buster&quot; Posey III (born March 27, 1987) is an American former professional baseball catcher. Posey spent his entire twelve-year Major League",
                "timestamp": "2022-03-12T17:11:02Z"
            },
            {
                "ns": 0,
                "title": "Greg Maddux",
                "pageid": 182512,
                "size": 51552,
                "wordcount": 6255,
                "snippet": "Gregory Alan Maddux (born April 14, 1966) is an American college baseball coach and former Major League Baseball (MLB) pitcher. He is the pitching coach",
                "timestamp": "2022-03-02T00:14:54Z"
            },
            {
                "ns": 0,
                "title": "Manny Ramirez",
                "pageid": 2188476,
                "size": 103954,
                "wordcount": 10424,
                "snippet": "Manuel Arístides Ramírez Onelcida (born May 30, 1972) is a Dominican-American retired professional baseball outfielder. He played in Major League Baseball",
                "timestamp": "2022-03-23T18:31:48Z"
            },
            {
                "ns": 0,
                "title": "Joe Torre",
                "pageid": 603566,
                "size": 98877,
                "wordcount": 8840,
                "snippet": "Joseph Paul Torre (/ˈtɒri/; born July 18, 1940) is an American professional baseball executive, serving as a special assistant to the Commissioner of Baseball",
                "timestamp": "2022-02-04T21:25:25Z"
            },
            {
                "ns": 0,
                "title": "Josh Donaldson",
                "pageid": 27168181,
                "size": 45778,
                "wordcount": 4410,
                "snippet": "Joshua Adam Donaldson (born December 8, 1985) is an American professional baseball third baseman for the New York Yankees of Major League Baseball (MLB)",
                "timestamp": "2022-03-27T16:12:40Z"
            },
            {
                "ns": 0,
                "title": "Tony La Russa",
                "pageid": 1110098,
                "size": 67788,
                "wordcount": 6237,
                "snippet": "Anthony La Russa Jr. (/ləˈruːsə/; born October 4, 1944) is an American professional baseball coach and former player who is the manager for the Chicago",
                "timestamp": "2022-03-30T16:02:36Z"
            },
            {
                "ns": 0,
                "title": "Aaron Judge",
                "pageid": 39603550,
                "size": 69159,
                "wordcount": 6997,
                "snippet": "Aaron James Judge (born April 26, 1992) is an American professional baseball right fielder for the New York Yankees of Major League Baseball (MLB). Judge",
                "timestamp": "2022-03-30T17:36:12Z"
            },
            {
                "ns": 0,
                "title": "Bob Gibson",
                "pageid": 367170,
                "size": 61697,
                "wordcount": 6260,
                "snippet": "Robert Gibson (born Pack Robert Gibson; November 9, 1935 – October 2, 2020) was an American professional baseball pitcher who played 17 seasons in Major",
                "timestamp": "2021-11-28T03:33:39Z"
            },
            {
                "ns": 0,
                "title": "Tony Gwynn",
                "pageid": 306190,
                "size": 194170,
                "wordcount": 18110,
                "snippet": "Anthony Keith Gwynn Sr. (May 9, 1960 – June 16, 2014), nicknamed &quot;Mr. Padre&quot;, was an American professional baseball right fielder, who played 20 seasons",
                "timestamp": "2022-02-28T14:21:05Z"
            },
            {
                "ns": 0,
                "title": "Buck Showalter",
                "pageid": 635895,
                "size": 29659,
                "wordcount": 2246,
                "snippet": "William Nathaniel &quot;Buck&quot; Showalter III (born May 23, 1956) is an American professional baseball manager for the New York Mets of Major League Baseball",
                "timestamp": "2022-03-19T00:12:47Z"
            },
            {
                "ns": 0,
                "title": "A. J. Pollock",
                "pageid": 47150331,
                "size": 18593,
                "wordcount": 1740,
                "snippet": "Allen Lorenz &quot;A. J.&quot; Pollock (born December 5, 1987) is an American professional baseball outfielder for the Chicago White Sox of Major League Baseball",
                "timestamp": "2022-04-07T01:51:02Z"
            },
            {
                "ns": 0,
                "title": "Rinku Singh",
                "pageid": 20567599,
                "size": 20341,
                "wordcount": 1889,
                "snippet": "Rinku Singh Rajput (born 8 August 1988) is an Indian professional wrestler and former professional baseball player. He is currently signed to WWE, where",
                "timestamp": "2022-04-06T16:49:58Z"
            },
            {
                "ns": 0,
                "title": "Bob Uecker",
                "pageid": 614427,
                "size": 29647,
                "wordcount": 2793,
                "snippet": "Robert George Uecker (/ˈjuːkər/ YOO-kər; born January 26, 1934) is an American former Major League Baseball (MLB) player and current sportscaster, comedian",
                "timestamp": "2022-02-26T04:36:12Z"
            },
            {
                "ns": 0,
                "title": "Curt Schilling",
                "pageid": 241655,
                "size": 96907,
                "wordcount": 8856,
                "snippet": "Curtis Montague Schilling (born November 14, 1966) is an American former Major League Baseball right-handed pitcher who is a commentator for conservative",
                "timestamp": "2022-02-23T03:33:35Z"
            },
            {
                "ns": 0,
                "title": "Billy Martin",
                "pageid": 287341,
                "size": 125492,
                "wordcount": 16846,
                "snippet": "Alfred Manuel Martin Jr. (May 16, 1928 – December 25, 1989), commonly called &quot;Billy&quot;, was an American Major League Baseball second baseman and manager",
                "timestamp": "2022-04-05T01:53:17Z"
            },
            {
                "ns": 0,
                "title": "Adam Wainwright",
                "pageid": 4630134,
                "size": 84502,
                "wordcount": 8635,
                "snippet": "Adam Parrish Wainwright (born August 30, 1981), nicknamed &quot;Waino&quot; and &quot;Uncle Charlie&quot;, is an American professional baseball pitcher for the St. Louis Cardinals",
                "timestamp": "2022-03-28T21:05:30Z"
            },
            {
                "ns": 0,
                "title": "Charley Pride",
                "pageid": 493830,
                "size": 46906,
                "wordcount": 4264,
                "snippet": "Charley Frank Pride (March 18, 1934 – December 12, 2020) was an American singer, guitarist, and professional baseball player. His greatest musical success",
                "timestamp": "2022-04-05T10:50:25Z"
            },
            {
                "ns": 0,
                "title": "Chipper Jones",
                "pageid": 4860203,
                "size": 68745,
                "wordcount": 6826,
                "snippet": "Larry Wayne &quot;Chipper&quot; Jones Jr. (born April 24, 1972) is an American former Major League Baseball (MLB) player and broadcast analyst, and current MLB consultant",
                "timestamp": "2022-04-01T21:08:25Z"
            },
            {
                "ns": 0,
                "title": "Dizzy Dean",
                "pageid": 295430,
                "size": 30804,
                "wordcount": 3412,
                "snippet": "Jay Hanna &quot;Dizzy&quot; Dean (January 16, 1910 – July 17, 1974), also known as Jerome Herman Dean (both the 1910 and 1920 Censuses show his name as &quot;Jay&quot;), was",
                "timestamp": "2022-02-10T13:10:33Z"
            },
            {
                "ns": 0,
                "title": "Nick Swisher",
                "pageid": 2141192,
                "size": 47212,
                "wordcount": 4269,
                "snippet": "Nicholas Thompson Swisher (born November 25, 1980) is an American former professional baseball outfielder and first baseman in Major League Baseball (MLB)",
                "timestamp": "2022-03-23T06:50:37Z"
            },
            {
                "ns": 0,
                "title": "Roger Maris",
                "pageid": 303711,
                "size": 42184,
                "wordcount": 4321,
                "snippet": "Roger Eugene Maris (September 10, 1934 – December 14, 1985) was an American professional baseball right fielder. He is best known for setting a new Major",
                "timestamp": "2022-03-27T03:14:09Z"
            },
            {
                "ns": 0,
                "title": "Tommy Lasorda",
                "pageid": 742165,
                "size": 42438,
                "wordcount": 3868,
                "snippet": "Thomas Charles Lasorda (September 22, 1927 – January 7, 2021) was an American professional baseball pitcher and manager. He managed the Los Angeles Dodgers",
                "timestamp": "2022-03-16T03:18:13Z"
            },
            {
                "ns": 0,
                "title": "Stan Musial",
                "pageid": 280101,
                "size": 96746,
                "wordcount": 10247,
                "snippet": "Stanley Frank Musial (/ˈmjuːziəl, -ʒəl/; born Stanislaw Franciszek Musial; November 21, 1920 – January 19, 2013), nicknamed &quot;Stan the Man&quot;, was an American",
                "timestamp": "2022-03-28T12:32:07Z"
            },
            {
                "ns": 0,
                "title": "Darryl Strawberry",
                "pageid": 189407,
                "size": 34764,
                "wordcount": 3479,
                "snippet": "Darryl Eugene Strawberry (born March 12, 1962) is an American former professional baseball right fielder and author who played 17 seasons in Major League",
                "timestamp": "2022-03-22T22:37:07Z"
            },
            {
                "ns": 0,
                "title": "Harry Caray",
                "pageid": 267676,
                "size": 42295,
                "wordcount": 5278,
                "snippet": "Harry Christopher Caray (né Carabina; March 1, 1914 – February 18, 1998) was an American sportscaster on radio and television. He covered five Major League",
                "timestamp": "2022-03-10T00:18:27Z"
            },
            {
                "ns": 0,
                "title": "Jose Canseco",
                "pageid": 175552,
                "size": 71628,
                "wordcount": 9375,
                "snippet": "José Canseco Capas Jr. (born July 2, 1964), nicknamed Parkway Jose, Mr. 40-40 and El Cañonero Cubano (The Cuban Cannon), is a Cuban-American former Major",
                "timestamp": "2022-02-28T02:38:13Z"
            },
            {
                "ns": 0,
                "title": "Tom Seaver",
                "pageid": 517620,
                "size": 50943,
                "wordcount": 4961,
                "snippet": "George Thomas Seaver (November 17, 1944 – August 31, 2020), nicknamed &quot;Tom Terrific&quot; and &quot;the Franchise&quot;, was an American professional baseball pitcher",
                "timestamp": "2022-01-30T09:03:14Z"
            },
            {
                "ns": 0,
                "title": "Dave Stieb",
                "pageid": 97158,
                "size": 14028,
                "wordcount": 1319,
                "snippet": "David Andrew Stieb (/ˈstiːb/; born July 22, 1957) is a former Major League Baseball right-handed starting pitcher for the Toronto Blue Jays. A seven-time",
                "timestamp": "2022-03-28T22:25:18Z"
            },
            {
                "ns": 0,
                "title": "Robinson Canó",
                "pageid": 1972871,
                "size": 61663,
                "wordcount": 6027,
                "snippet": "Robinson José Canó (Spanish pronunciation: [ka'no]; born October 22, 1982) is a Dominican-American professional baseball second baseman for the New York",
                "timestamp": "2022-03-29T04:21:50Z"
            },
            {
                "ns": 0,
                "title": "Mike Schmidt",
                "pageid": 267730,
                "size": 33305,
                "wordcount": 3559,
                "snippet": "Michael Jack Schmidt (born September 27, 1949) is an American former professional baseball third baseman who played 18 seasons in Major League Baseball",
                "timestamp": "2022-04-02T02:15:35Z"
            },
            {
                "ns": 0,
                "title": "Carlos Correa",
                "pageid": 36041018,
                "size": 60223,
                "wordcount": 5823,
                "snippet": "Carlos Javier Correa Oppenheimer Jr. (born September 22, 1994) is a Puerto Rican professional baseball shortstop for the Minnesota Twins of Major League",
                "timestamp": "2022-04-06T04:15:09Z"
            },
            {
                "ns": 0,
                "title": "Johnny Bench",
                "pageid": 16581,
                "size": 47659,
                "wordcount": 4448,
                "snippet": "Johnny Lee Bench (born December 7, 1947) is an American former professional baseball player. He played his entire Major League Baseball career, which lasted",
                "timestamp": "2022-03-18T21:29:42Z"
            },
            {
                "ns": 0,
                "title": "Frank Robinson",
                "pageid": 43496,
                "size": 49043,
                "wordcount": 4348,
                "snippet": "Frank Robinson (August 31, 1935 – February 7, 2019) was an American professional baseball outfielder and manager in Major League Baseball (MLB) who played",
                "timestamp": "2022-02-17T17:45:51Z"
            },
            {
                "ns": 0,
                "title": "Kris Bryant",
                "pageid": 39140062,
                "size": 65067,
                "wordcount": 6245,
                "snippet": "Kristopher Lee Bryant (born January 4, 1992), nicknamed &quot;KB&quot;, is an American professional baseball third baseman and outfielder for the Colorado Rockies",
                "timestamp": "2022-04-04T00:20:35Z"
            },
            {
                "ns": 0,
                "title": "Dave Winfield",
                "pageid": 102799,
                "size": 41616,
                "wordcount": 4340,
                "snippet": "David Mark Winfield (born October 3, 1951) is an American former Major League Baseball (MLB) right fielder. He is the special assistant to the executive",
                "timestamp": "2022-01-31T17:36:05Z"
            },
            {
                "ns": 0,
                "title": "Mookie Betts",
                "pageid": 39783541,
                "size": 60108,
                "wordcount": 5739,
                "snippet": "Markus Lynn &quot;Mookie&quot; Betts (born October 7, 1992) is an American professional baseball right fielder for the Los Angeles Dodgers of Major League Baseball",
                "timestamp": "2022-04-06T18:02:52Z"
            },
            {
                "ns": 0,
                "title": "Joe Girardi",
                "pageid": 1993415,
                "size": 49501,
                "wordcount": 4222,
                "snippet": "Joseph Elliott Girardi (born October 14, 1964) is an American former professional baseball player and current manager for the Philadelphia Phillies of",
                "timestamp": "2022-03-23T03:09:48Z"
            },
            {
                "ns": 0,
                "title": "Carl Yastrzemski",
                "pageid": 88049,
                "size": 40684,
                "wordcount": 4047,
                "snippet": "Carl Michael Yastrzemski (/jəˈstrɛmski/; nicknamed &quot;Yaz&quot;; born August 22, 1939) is an American former Major League Baseball player. He was elected to the",
                "timestamp": "2022-02-04T18:35:38Z"
            },
            {
                "ns": 0,
                "title": "CC Sabathia",
                "pageid": 1567054,
                "size": 82901,
                "wordcount": 8961,
                "snippet": "Carsten Charles Sabathia Jr. (born July 21, 1980) is an American former professional baseball pitcher who played 19 seasons in Major League Baseball (MLB)",
                "timestamp": "2022-04-06T04:33:37Z"
            },
            {
                "ns": 0,
                "title": "Kirby Puckett",
                "pageid": 103341,
                "size": 30003,
                "wordcount": 3003,
                "snippet": "Kirby Puckett (March 14, 1960 – March 6, 2006) was an American professional baseball player. He played his entire 12-year Major League Baseball (MLB) career",
                "timestamp": "2022-03-31T15:13:26Z"
            },
            {
                "ns": 0,
                "title": "Joe Morgan",
                "pageid": 505811,
                "size": 36442,
                "wordcount": 3406,
                "snippet": "Joe Leonard Morgan (September 19, 1943 – October 11, 2020) was an American professional baseball second baseman who played Major League Baseball (MLB)",
                "timestamp": "2022-01-24T06:17:13Z"
            },
            {
                "ns": 0,
                "title": "Bartolo Colón",
                "pageid": 1711737,
                "size": 56304,
                "wordcount": 5136,
                "snippet": "Bartolo Colón (born May 24, 1973), nicknamed &quot;Big Sexy&quot;, is a Dominican-American professional baseball pitcher for the Acereros de Monclova of the Mexican",
                "timestamp": "2022-03-29T02:12:28Z"
            },
            {
                "ns": 0,
                "title": "Danny Ainge",
                "pageid": 378597,
                "size": 36124,
                "wordcount": 2857,
                "snippet": "Daniel Ray Ainge (/ˈeɪndʒ/ AYNJ; born March 17, 1959) is an American former professional basketball player, coach, and former professional baseball player",
                "timestamp": "2022-02-11T23:38:31Z"
            },
            {
                "ns": 0,
                "title": "Oliver Marmol",
                "pageid": 52186112,
                "size": 7185,
                "wordcount": 553,
                "snippet": "Oliver J. Marmol (born July 2, 1986) is an American professional baseball manager and former player. As of 2021, he is the manager of the St. Louis Cardinals",
                "timestamp": "2022-04-04T18:35:27Z"
            },
            {
                "ns": 0,
                "title": "Casey Stengel",
                "pageid": 75124,
                "size": 107077,
                "wordcount": 14667,
                "snippet": "Charles Dillon &quot;Casey&quot; Stengel (/ˈstɛŋɡəl/; July 30, 1890 – September 29, 1975) was an American Major League Baseball right fielder and manager, best known",
                "timestamp": "2022-03-17T22:49:27Z"
            },
            {
                "ns": 0,
                "title": "Branch Rickey",
                "pageid": 426353,
                "size": 59015,
                "wordcount": 6201,
                "snippet": "Wesley Branch Rickey (December 20, 1881 – December 9, 1965) was an American baseball player and sports executive. Rickey was instrumental in breaking Major",
                "timestamp": "2022-03-14T15:23:32Z"
            },
            {
                "ns": 0,
                "title": "Bob Feller",
                "pageid": 475452,
                "size": 79594,
                "wordcount": 9005,
                "snippet": "Robert William Andrew Feller (November 3, 1918 – December 15, 2010), nicknamed &quot;The Heater from Van Meter&quot;, &quot;Bullet Bob&quot;, and &quot;Rapid Robert&quot;, was an American",
                "timestamp": "2022-03-24T02:15:57Z"
            },
            {
                "ns": 0,
                "title": "Tim Lincecum",
                "pageid": 6426627,
                "size": 84018,
                "wordcount": 8140,
                "snippet": "Timothy Leroy Lincecum (/ˈlɪnsəkʌm/ LIN-sə-kum; born June 15, 1984), nicknamed &quot;The Freak&quot;, &quot;The Franchise&quot;, &quot;The Freaky Franchise&quot; and &quot;Big Time Timmy",
                "timestamp": "2022-03-06T17:18:47Z"
            },
            {
                "ns": 0,
                "title": "Vladimir Guerrero",
                "pageid": 388770,
                "size": 47598,
                "wordcount": 5415,
                "snippet": "Vladimir Alvino Guerrero Sr. (born February 9, 1975), nicknamed &quot;Vlad the Impaler&quot;, is a Dominican former professional baseball player, who spent 16 seasons",
                "timestamp": "2022-02-04T18:37:58Z"
            },
            {
                "ns": 0,
                "title": "Jack Morris",
                "pageid": 374580,
                "size": 25979,
                "wordcount": 2672,
                "snippet": "John Scott Morris (born May 16, 1955) is an American former professional baseball starting pitcher. He played in Major League Baseball (MLB) between 1977",
                "timestamp": "2022-03-18T18:54:22Z"
            },
            {
                "ns": 0,
                "title": "Terry Francona",
                "pageid": 1112590,
                "size": 47626,
                "wordcount": 4042,
                "snippet": "Terrence Jon Francona (born April 22, 1959), nicknamed &quot;Tito&quot;, is the manager of the Cleveland Guardians of Major League Baseball (MLB). Previously, he",
                "timestamp": "2022-04-04T23:16:34Z"
            },
            {
                "ns": 0,
                "title": "Mike Piazza",
                "pageid": 182778,
                "size": 40371,
                "wordcount": 4382,
                "snippet": "Michael Joseph Piazza (/piˈɑːtsə/; born September 4, 1968) is an American former professional baseball catcher who played 16 seasons in Major League Baseball",
                "timestamp": "2022-02-16T16:40:27Z"
            },
            {
                "ns": 0,
                "title": "Gerrit Cole",
                "pageid": 22986613,
                "size": 49190,
                "wordcount": 4871,
                "snippet": "Gerrit Alan Cole (born September 8, 1990) is an American professional baseball pitcher for the New York Yankees of Major League Baseball (MLB). He previously",
                "timestamp": "2022-03-23T04:38:30Z"
            },
            {
                "ns": 0,
                "title": "George Brett",
                "pageid": 65468,
                "size": 37693,
                "wordcount": 4403,
                "snippet": "George Howard Brett (born May 15, 1953) is an American former professional baseball player who played 21 seasons, primarily as a third baseman, in Major",
                "timestamp": "2022-04-02T00:15:17Z"
            },
            {
                "ns": 0,
                "title": "Leo Durocher",
                "pageid": 616876,
                "size": 38326,
                "wordcount": 4411,
                "snippet": "Leo Ernest Durocher (French spelling Léo Ernest Durocher) (/dəˈroʊ.ʃər/; July 27, 1905 – October 7, 1991), nicknamed Leo the Lip and Lippy, was an American",
                "timestamp": "2022-03-19T15:34:08Z"
            },
            {
                "ns": 0,
                "title": "Dwight Gooden",
                "pageid": 280736,
                "size": 36986,
                "wordcount": 4305,
                "snippet": "Dwight Eugene Gooden (born November 16, 1964), nicknamed &quot;Dr. K&quot; and &quot;Doc&quot;, is an American former professional baseball pitcher who played 16 seasons in",
                "timestamp": "2022-03-16T23:06:29Z"
            },
            {
                "ns": 0,
                "title": "Josh Hamilton",
                "pageid": 3215878,
                "size": 64427,
                "wordcount": 6912,
                "snippet": "Joshua Holt Hamilton (born May 21, 1981) is an American former professional baseball outfielder. He played in Major League Baseball (MLB) with the Cincinnati",
                "timestamp": "2022-03-03T01:59:44Z"
            },
            {
                "ns": 0,
                "title": "David Price (baseball)",
                "pageid": 11651620,
                "size": 58177,
                "wordcount": 6042,
                "snippet": "David Taylor Price (born August 26, 1985) is an American professional baseball pitcher for the Los Angeles Dodgers of Major League Baseball (MLB). Price",
                "timestamp": "2022-03-14T05:15:26Z"
            }
        ]
    }
}
